p_centroid,p_bead,span_05,span_10,span_15,span_20,Rg2_nm2,Vmean_eV,mean_x_centroid_nm,mean_y_centroid_nm,max_bead_radius_nm,P,Ex_eV_per_nm,Ex_meV_per_nm,asymmetry_eV,Rwall_nm,seed,n_samples,acceptance_local,acceptance_staging,acceptance_global
0.36177777777777775,0.36918055555555557,0.2311111111111111,0.15288888888888888,0.13111111111111112,0.0951111111111111,7.29765285343524,-0.038398020803821355,-1.4033446916379742,-0.015828432952384987,16.214337187047224,32,-0.000531248224192735,-0.531248224192735,0.006,25.0,180000,2250,0.91224375,0.24292222222222223,0.48523777327022766
0.37422222222222223,0.3825138888888889,0.21022222222222223,0.14355555555555555,0.12666666666666668,0.09422222222222222,7.2652872465332425,-0.038435372432081664,-1.3312693200309198,0.007200073678764176,15.453506244829336,32,-0.000531248224192735,-0.531248224192735,0.006,25.0,180001,2250,0.9123722222222223,0.23662222222222223,0.4791758972086841
0.3884444444444444,0.3928055555555556,0.22755555555555557,0.14177777777777778,0.12488888888888888,0.09466666666666666,7.307417440209027,-0.03831347457517244,-1.2063873914531795,0.007979497239765912,16.208178245753285,32,-0.000531248224192735,-0.531248224192735,0.006,25.0,180002,2250,0.9121875,0.2381888888888889,0.4811478144811478
0.37377777777777776,0.3813472222222222,0.22044444444444444,0.144,0.12666666666666668,0.09644444444444444,7.39443345400562,-0.0383661565151736,-1.2986458407881674,0.0022775976765457393,16.09467646271093,32,-0.000531248224192735,-0.531248224192735,0.006,25.0,180003,2250,0.9124895833333333,0.24296666666666666,0.47614840989399293
0.3622222222222222,0.36593055555555554,0.22177777777777777,0.15066666666666667,0.12711111111111112,0.09155555555555556,7.305351020162185,-0.03835850856191089,-1.4563533259727273,-0.007086658348521014,16.110996595765243,32,-0.000531248224192735,-0.531248224192735,0.006,25.0,180004,2250,0.9123923611111111,0.23916666666666667,0.47982359426681365
0.40044444444444444,0.4016388888888889,0.224,0.15022222222222223,0.12977777777777777,0.10133333333333333,7.454557163052067,-0.038214099377369116,-1.115808509634646,-0.02147775618893507,17.346484072789544,32,-0.000498933224192735,-0.498933224192735,0.006,25.0,180100,2250,0.9121083333333333,0.24101111111111112,0.47162883845126835
0.43555555555555553,0.4383472222222222,0.23822222222222222,0.16,0.1328888888888889,0.10133333333333333,7.3896315133285295,-0.03824970561605365,-0.7326787946919358,-0.005015724102080229,15.184865629810988,32,-0.000498933224192735,-0.498933224192735,0.006,25.0,180101,2250,0.9126263888888889,0.2387,0.46653898152320866
0.4235555555555556,0.4248472222222222,0.20133333333333334,0.13466666666666666,0.11466666666666667,0.08577777777777777,7.225291694988882,-0.03839976190198368,-0.8664740070493478,0.01974672220005152,15.628912483211428,32,-0.000498933224192735,-0.498933224192735,0.006,25.0,180102,2250,0.9120208333333333,0.23578888888888888,0.4781267217630854
0.4106666666666667,0.41223611111111114,0.23555555555555555,0.16177777777777777,0.1368888888888889,0.104,7.48223557526408,-0.03818275006882579,-0.989915876552607,0.006993427724178168,16.916232744365818,32,-0.000498933224192735,-0.498933224192735,0.006,25.0,180103,2250,0.9121395833333333,0.24454444444444445,0.469417099878332
0.3751111111111111,0.38090277777777776,0.22533333333333333,0.15244444444444444,0.13244444444444445,0.09288888888888888,7.341393454836171,-0.03829577004846366,-1.3070266684418015,-0.027005632210698655,15.881401713866529,32,-0.000498933224192735,-0.498933224192735,0.006,25.0,180104,2250,0.9124319444444444,0.23904444444444445,0.4697450486924171
0.49866666666666665,0.49945833333333334,0.232,0.1471111111111111,0.13244444444444445,0.10088888888888889,7.358602638647743,-0.03822701768507745,-0.14448567406876606,0.01675213512957717,14.69967504822974,32,-0.000466618224192735,-0.46661822419273496,0.006,25.0,180200,2250,0.9117881944444445,0.2379888888888889,0.47421314191054664
0.43066666666666664,0.43316666666666664,0.2311111111111111,0.1497777777777778,0.12711111111111112,0.09644444444444444,7.316566358759553,-0.03811953924273151,-0.784044089767094,0.010234883454727287,15.24718635925892,32,-0.000466618224192735,-0.46661822419273496,0.006,25.0,180201,2250,0.912025,0.24156666666666668,0.47069391421513584
0.4177777777777778,0.42369444444444443,0.23644444444444446,0.15288888888888888,0.13244444444444445,0.09644444444444444,7.4667719768753065,-0.03826107251659238,-0.8672148874554235,-0.011493617032500139,14.956728321798606,32,-0.000466618224192735,-0.46661822419273496,0.006,25.0,180202,2250,0.9128069444444444,0.23773333333333332,0.484631486173846
0.5155555555555555,0.5115833333333333,0.22577777777777777,0.14222222222222222,0.12444444444444444,0.09066666666666667,7.300066090341028,-0.03830563130194927,-0.020555032706435567,-0.014877609334379606,16.877817097024238,32,-0.000466618224192735,-0.46661822419273496,0.006,25.0,180203,2250,0.9120895833333333,0.2359,0.4723533378287256
0.4617777777777778,0.4613333333333333,0.2088888888888889,0.13555555555555557,0.11866666666666667,0.08533333333333333,7.290822262184577,-0.03822923509465465,-0.5079507186304334,0.02415729775886442,14.575084332631638,32,-0.000466618224192735,-0.46661822419273496,0.006,25.0,180204,2250,0.9118201388888889,0.2366888888888889,0.47779258272262937
0.52,0.5175972222222223,0.23466666666666666,0.15288888888888888,0.132,0.10088888888888889,7.375911393280009,-0.03821345933630687,0.05750616609172,0.021345614373853225,14.53148029058264,32,-0.000434303224192735,-0.434303224192735,0.006,25.0,180300,2250,0.9123215277777778,0.23812222222222224,0.46697388632872505
0.5115555555555555,0.5104722222222222,0.22355555555555556,0.1537777777777778,0.13244444444444445,0.10577777777777778,7.416313833752675,-0.03823390057587671,-0.03160701043092255,0.022940135604949438,15.067962861077211,32,-0.000434303224192735,-0.434303224192735,0.006,25.0,180301,2250,0.9122104166666667,0.239,0.4679862877363707
0.5084444444444445,0.5034027777777778,0.2457777777777778,0.16977777777777778,0.14577777777777778,0.10622222222222222,7.388623030693118,-0.03829492792939312,-0.11027552614106591,-0.002224023841373185,13.901896792978222,32,-0.000434303224192735,-0.434303224192735,0.006,25.0,180302,2250,0.9117826388888889,0.2343888888888889,0.4731469152241456
0.49644444444444447,0.4942361111111111,0.24488888888888888,0.16177777777777777,0.13466666666666666,0.10488888888888889,7.394110480075915,-0.038175465258135054,-0.15913182656194183,-0.02012461995508342,15.4397200933024,32,-0.000434303224192735,-0.434303224192735,0.006,25.0,180303,2250,0.9123916666666667,0.24153333333333332,0.47165178571428573
0.5417777777777778,0.5386111111111112,0.23466666666666666,0.15911111111111112,0.13644444444444445,0.10666666666666667,7.373951012130054,-0.03833245008464749,0.269827049208851,0.001181112543970553,15.930013583515855,32,-0.000434303224192735,-0.434303224192735,0.006,25.0,180304,2250,0.91208125,0.2368222222222222,0.47639968457812326
0.5422222222222223,0.5414861111111111,0.22311111111111112,0.14844444444444443,0.12666666666666668,0.10222222222222223,7.266588298802183,-0.03840159051806082,0.2838685889283988,0.02378147648293384,14.379934458495702,32,-0.00040198822419273495,-0.40198822419273494,0.006,25.0,180400,2250,0.9117152777777778,0.2339111111111111,0.4725531677986861
0.5648888888888889,0.5602916666666666,0.22977777777777778,0.14844444444444443,0.12133333333333333,0.08888888888888889,7.214866354350549,-0.03840759594421696,0.49703782696042415,0.032900265180297684,17.907676887268032,32,-0.00040198822419273495,-0.40198822419273494,0.006,25.0,180401,2250,0.9123951388888889,0.23212222222222223,0.46061137284978637
0.5453333333333333,0.5441944444444444,0.23066666666666666,0.1431111111111111,0.12444444444444444,0.09377777777777778,7.151045335302613,-0.03849852683281684,0.3241220248921904,-0.021431253593976695,15.232096000841018,32,-0.00040198822419273495,-0.40198822419273494,0.006,25.0,180402,2250,0.9121368055555555,0.23156666666666667,0.46306186025812196
0.5791111111111111,0.5743055555555555,0.21822222222222223,0.14222222222222222,0.12133333333333333,0.09155555555555556,7.198858431332835,-0.038508239582330156,0.5990619772796963,0.008606102670901266,17.92444383296191,32,-0.00040198822419273495,-0.40198822419273494,0.006,25.0,180403,2250,0.9124534722222222,0.2278777777777778,0.4761114797611148
0.5266666666666666,0.521625,0.2391111111111111,0.15422222222222223,0.12711111111111112,0.09911111111111111,7.431378091997965,-0.038211724802562734,0.10609352414891536,-0.0026005628709536515,14.738457494424795,32,-0.00040198822419273495,-0.40198822419273494,0.006,25.0,180404,2250,0.9119041666666666,0.2374888888888889,0.4693993414329511
0.40755555555555556,0.4115902777777778,0.20577777777777778,0.15688888888888888,0.12444444444444444,0.09777777777777778,7.487219191852632,-0.038097164913311464,-1.0384900222201257,-0.0010815504282169468,17.489764009459645,64,-0.000531248224192735,-0.531248224192735,0.006,25.0,190000,2250,0.9145881944444444,0.24283333333333335,0.47515218594355285
0.43555555555555553,0.4359375,0.1968888888888889,0.14222222222222222,0.11155555555555556,0.09377777777777778,7.403436745741208,-0.038129332537757375,-0.76902622782147,0.009433907191812248,17.31616937713113,64,-0.000531248224192735,-0.531248224192735,0.006,25.0,190001,2250,0.9142763888888888,0.2379888888888889,0.47004862953138815
0.4017777777777778,0.4095486111111111,0.2088888888888889,0.15022222222222223,0.11155555555555556,0.09155555555555556,7.350748930672835,-0.03828473039228009,-1.0478717383427667,0.018414920834187463,16.831779700202937,64,-0.000531248224192735,-0.531248224192735,0.006,25.0,190002,2250,0.9145545138888889,0.23977777777777778,0.4721635737304145
0.3408888888888889,0.3484583333333333,0.20666666666666667,0.14933333333333335,0.11244444444444444,0.08888888888888889,7.346462591085203,-0.03807548746091135,-1.6148017355482405,0.01644464504944874,16.22192379722662,64,-0.000531248224192735,-0.531248224192735,0.006,25.0,190003,2250,0.9144659722222223,0.2455,0.4817574230305686
0.38,0.3865763888888889,0.20266666666666666,0.14133333333333334,0.10666666666666667,0.08533333333333333,7.337166545925471,-0.03813397700088256,-1.2678634245498344,-0.015199457815377362,17.800644622938446,64,-0.000531248224192735,-0.531248224192735,0.006,25.0,190004,2250,0.9143604166666667,0.24294444444444444,0.4717607973421927
0.41244444444444445,0.4146388888888889,0.2248888888888889,0.16444444444444445,0.1288888888888889,0.10444444444444445,7.4924830192356655,-0.0380105262040206,-0.9827167988173233,0.017443304662579717,16.375271814973274,64,-0.000498933224192735,-0.498933224192735,0.006,25.0,190100,2250,0.9143628472222223,0.24225555555555556,0.4792800799911121
0.43333333333333335,0.43296527777777777,0.21288888888888888,0.15333333333333332,0.12488888888888888,0.09955555555555555,7.381434655268039,-0.03817173234981419,-0.7909179518317173,-0.007632090098165757,19.806867167670628,64,-0.000498933224192735,-0.498933224192735,0.006,25.0,190101,2250,0.9146947916666667,0.23783333333333334,0.48856137263528376
0.45422222222222225,0.4577361111111111,0.20577777777777778,0.15866666666666668,0.12577777777777777,0.09422222222222222,7.475976001338047,-0.038143961466973374,-0.5391396115198132,0.005536925080273094,17.07247471326994,64,-0.000498933224192735,-0.498933224192735,0.006,25.0,190102,2250,0.9145597222222223,0.23863333333333334,0.481452773779205
0.44177777777777777,0.4371041666666667,0.20444444444444446,0.1511111111111111,0.11911111111111111,0.09733333333333333,7.397206998139365,-0.038098296543307666,-0.7664947617000755,0.031115397424722663,16.705020374613685,64,-0.000498933224192735,-0.498933224192735,0.006,25.0,190103,2250,0.91454375,0.23934444444444444,0.4836785231877533
0.4022222222222222,0.4052013888888889,0.22577777777777777,0.1582222222222222,0.12177777777777778,0.09955555555555555,7.483568132790714,-0.03794513266845593,-1.068865143257722,0.010278408021688449,15.763451341387208,64,-0.000498933224192735,-0.498933224192735,0.006,25.0,190104,2250,0.9146888888888889,0.2462,0.47698138446104116
0.45022222222222225,0.45190277777777776,0.2311111111111111,0.16622222222222222,0.12577777777777777,0.09866666666666667,7.511334141145693,-0.03787600443981647,-0.5967115288134589,-0.017875337878723953,15.131625052430019,64,-0.000466618224192735,-0.46661822419273496,0.006,25.0,190200,2250,0.9145201388888888,0.2431222222222222,0.48106904231625836
0.39911111111111114,0.3990972222222222,0.20933333333333334,0.15155555555555555,0.12,0.0951111111111111,7.405923519132778,-0.038093134061213084,-1.136400690369555,-0.016282568398606808,16.780410718663045,64,-0.000466618224192735,-0.46661822419273496,0.006,25.0,190201,2250,0.9146399305555556,0.2398,0.4784148771308391
0.4235555555555556,0.427125,0.216,0.1648888888888889,0.13333333333333333,0.10933333333333334,7.502234982122945,-0.03801185474634084,-0.8298741590271104,0.0012453726035819913,15.052175688403295,64,-0.000466618224192735,-0.46661822419273496,0.006,25.0,190202,2250,0.9146809027777778,0.2404777777777778,0.4720360399956049
0.49777777777777776,0.4968194444444444,0.20666666666666667,0.14888888888888888,0.1111111111111111,0.09066666666666667,7.269007713872696,-0.03815216857348024,-0.15825144240820832,-0.004086689616113591,16.332264316874873,64,-0.000466618224192735,-0.46661822419273496,0.006,25.0,190203,2250,0.9143954861111111,0.241,0.4791870448864254
0.4351111111111111,0.4363611111111111,0.21244444444444444,0.16133333333333333,0.12711111111111112,0.10311111111111111,7.341765668313758,-0.03813521556103356,-0.7463207516219872,-0.012572503197120286,15.023828294290173,64,-0.000466618224192735,-0.46661822419273496,0.006,25.0,190204,2250,0.9146975694444445,0.24113333333333334,0.47186194768080897
0.5004444444444445,0.5051666666666667,0.21022222222222223,0.1511111111111111,0.11644444444444445,0.09422222222222222,7.342051715508462,-0.03816196000800971,-0.06928539093134638,-0.008477028644065705,15.070651666285935,64,-0.000434303224192735,-0.434303224192735,0.006,25.0,190300,2250,0.9144802083333333,0.23712222222222223,0.475178866263071
0.5511111111111111,0.5502013888888889,0.20933333333333334,0.15066666666666667,0.12222222222222222,0.09688888888888889,7.285330361439278,-0.03816539989736416,0.3775940229710847,-0.004665753374624188,14.048661208670834,64,-0.000434303224192735,-0.434303224192735,0.006,25.0,190301,2250,0.9148840277777778,0.2383,0.48352851045200834
0.5213333333333333,0.5173958333333334,0.21733333333333332,0.15644444444444444,0.12133333333333333,0.1,7.3511175409605265,-0.03821293041006559,0.06607201659534005,0.004797287602551173,14.886850492978644,64,-0.000434303224192735,-0.434303224192735,0.006,25.0,190302,2250,0.9146333333333333,0.23543333333333333,0.4675152185943553
0.5048888888888889,0.5022777777777778,0.22444444444444445,0.15866666666666668,0.12133333333333333,0.096,7.400094960526305,-0.03808958552768148,-0.09100570931792294,-0.0318326777409145,15.607106646521226,64,-0.000434303224192735,-0.434303224192735,0.006,25.0,190303,2250,0.9146135416666666,0.2405,0.48497282910058775
0.5062222222222222,0.5058611111111111,0.21466666666666667,0.15511111111111112,0.12,0.09777777777777778,7.393226604411045,-0.03806133987480507,-0.08120661909597963,0.013463089490225457,15.895111262519704,64,-0.000434303224192735,-0.434303224192735,0.006,25.0,190304,2250,0.9147524305555556,0.23994444444444443,0.4740666219539459
0.49422222222222223,0.49522916666666666,0.20222222222222222,0.1511111111111111,0.11955555555555555,0.10044444444444445,7.3936447733851285,-0.03809429980099071,-0.15748701133867513,0.007152920930121823,16.502221227080764,64,-0.00040198822419273495,-0.40198822419273494,0.006,25.0,190400,2250,0.9143923611111111,0.23764444444444444,0.47510907260319946
0.4631111111111111,0.4654652777777778,0.21777777777777776,0.16533333333333333,0.12444444444444444,0.10222222222222223,7.559387788607749,-0.03800193625929312,-0.4324054946626593,0.015027623847976795,15.3281659544027,64,-0.00040198822419273495,-0.40198822419273494,0.006,25.0,190401,2250,0.9144371527777778,0.23723333333333332,0.47311707262319
0.5951111111111111,0.5872708333333333,0.21422222222222223,0.15466666666666667,0.12044444444444445,0.09777777777777778,7.205949393566115,-0.038469494421766684,0.7384010305843487,0.0144432728971821,16.53415608694916,64,-0.00040198822419273495,-0.40198822419273494,0.006,25.0,190402,2250,0.9143055555555556,0.23291111111111112,0.46824781114928515
0.5697777777777778,0.5633611111111111,0.21422222222222223,0.15511111111111112,0.1288888888888889,0.108,7.356967391471864,-0.038224335458663515,0.5062698730080738,0.009500912291266069,15.0165899197369,64,-0.00040198822419273495,-0.40198822419273494,0.006,25.0,190403,2250,0.9145590277777778,0.23695555555555556,0.47353548527333983
0.5164444444444445,0.5129791666666667,0.21688888888888888,0.16044444444444445,0.12666666666666668,0.10088888888888889,7.471701701745281,-0.037964456472975194,0.015896454680321286,-0.010334746661538554,15.912620639534639,64,-0.00040198822419273495,-0.40198822419273494,0.006,25.0,190404,2250,0.9143069444444445,0.23658888888888888,0.4714364947310039
0.3035555555555556,0.3124722222222222,0.2262222222222222,0.16177777777777777,0.12711111111111112,0.10755555555555556,7.599081452582384,-0.03796114853267992,-2.0165480193355423,0.007948471241642913,15.479735212509134,128,-0.000531248224192735,-0.531248224192735,0.006,25.0,200000,2250,0.9153890625,0.5476222222222222,0.4881889763779528
0.31066666666666665,0.32040277777777776,0.21822222222222223,0.15733333333333333,0.12266666666666666,0.09377777777777778,7.468436517736752,-0.038059164377308975,-1.895165091261647,0.031203288319556457,15.189701397866184,128,-0.000531248224192735,-0.531248224192735,0.006,25.0,200001,2250,0.9150013888888889,0.5431555555555555,0.4746278755074425
0.38533333333333336,0.3898506944444444,0.20933333333333334,0.152,0.116,0.09111111111111111,7.487873723116078,-0.037953079156460144,-1.253011643151682,-0.01342145656697405,16.74614246448048,128,-0.000531248224192735,-0.531248224192735,0.006,25.0,200002,2250,0.9150600694444444,0.5402333333333333,0.47743895577810286
0.3791111111111111,0.38397569444444446,0.22577777777777777,0.1622222222222222,0.13155555555555556,0.10444444444444445,7.542626985468801,-0.03804311426633728,-1.301631821138299,0.009824177317538964,15.566619643535368,128,-0.000531248224192735,-0.531248224192735,0.006,25.0,200003,2250,0.9151715277777778,0.5426,0.4829924410849266
0.4497777777777778,0.4489444444444444,0.21777777777777776,0.1582222222222222,0.12044444444444445,0.09866666666666667,7.396528356465642,-0.03827170287253673,-0.6489361965609318,0.007556800922675567,15.265652669286307,128,-0.000531248224192735,-0.531248224192735,0.006,25.0,200004,2250,0.9152767361111112,0.5374777777777778,0.4794931643881294
0.5991111111111111,0.5936944444444444,0.23733333333333334,0.17955555555555555,0.1431111111111111,0.11733333333333333,7.578937223155863,-0.038027551540418626,0.746093472909234,-0.00541773855605883,16.99918025252169,128,-0.000498933224192735,-0.498933224192735,0.006,25.0,200100,2250,0.9150258680555555,0.5356222222222222,0.47441186308395583
0.4822222222222222,0.4782013888888889,0.22755555555555557,0.16622222222222222,0.128,0.10622222222222222,7.529523518451247,-0.037978860029928584,-0.3681015866013854,0.006544690972999095,16.26434251970059,128,-0.000498933224192735,-0.498933224192735,0.006,25.0,200101,2250,0.9150197916666667,0.5419222222222222,0.47947656861648585
0.4008888888888889,0.40566319444444443,0.21955555555555556,0.15955555555555556,0.11955555555555555,0.09555555555555556,7.44898877119174,-0.038168866584233845,-1.066792272798769,-0.025483965537935086,14.80667777753394,128,-0.000498933224192735,-0.498933224192735,0.006,25.0,200102,2250,0.9149013888888888,0.5397222222222222,0.47371364653243847
0.364,0.36940972222222224,0.21822222222222223,0.15333333333333332,0.11155555555555556,0.08933333333333333,7.462714618796965,-0.03797229528608254,-1.4432905676365577,0.002453814441027275,17.70376268435218,128,-0.000498933224192735,-0.498933224192735,0.006,25.0,200103,2250,0.915125,0.5427,0.4716065718381299
0.36177777777777775,0.3686423611111111,0.22444444444444445,0.16266666666666665,0.1302222222222222,0.10844444444444444,7.596945375149158,-0.03792936700917944,-1.421945647184602,0.019402050744972706,16.04206702141229,128,-0.000498933224192735,-0.498933224192735,0.006,25.0,200104,2250,0.9150671875,0.5441666666666667,0.47983372654757894
0.5533333333333333,0.5482013888888889,0.2262222222222222,0.16266666666666665,0.12977777777777777,0.10711111111111112,7.455949445969616,-0.03798138288534148,0.34702007558107445,0.02475492203742913,15.448239085761063,128,-0.000466618224192735,-0.46661822419273496,0.006,25.0,200200,2250,0.9148607638888889,0.5426444444444445,0.4775464265616207
0.47733333333333333,0.47556597222222224,0.224,0.1537777777777778,0.11288888888888889,0.08933333333333333,7.340044580617589,-0.038089869307657134,-0.35890578859332195,0.022957901358240614,17.057974147377912,128,-0.000466618224192735,-0.46661822419273496,0.006,25.0,200201,2250,0.9149390625,0.5392555555555556,0.4762747483685433
0.58,0.5735486111111111,0.22266666666666668,0.15911111111111112,0.116,0.0951111111111111,7.37695863777989,-0.038015359695086924,0.5783472536392245,0.02438195454439447,16.114027767612892,128,-0.000466618224192735,-0.46661822419273496,0.006,25.0,200202,2250,0.9154246527777777,0.5370777777777778,0.47087813620071683
0.4093333333333333,0.415,0.2368888888888889,0.17466666666666666,0.13377777777777777,0.11066666666666666,7.641357019832542,-0.03798390837514093,-0.9572453334028529,-0.003760592080085108,15.343076416174254,128,-0.000466618224192735,-0.46661822419273496,0.006,25.0,200203,2250,0.9150140625,0.5406222222222222,0.47686872032681904
0.4951111111111111,0.4933958333333333,0.22088888888888888,0.16444444444444445,0.12266666666666666,0.10533333333333333,7.468571632602611,-0.03823167618134888,-0.1795744086064762,-0.013854063425273401,15.373682415927288,128,-0.000466618224192735,-0.46661822419273496,0.006,25.0,200204,2250,0.9151723958333333,0.5353111111111111,0.4715915383763429
0.5111111111111111,0.5144618055555555,0.252,0.18488888888888888,0.15066666666666667,0.12088888888888889,7.691773695559558,-0.0379784315518589,0.03246750389651561,-0.00715838825233955,15.863551364099482,128,-0.000434303224192735,-0.434303224192735,0.006,25.0,200300,2250,0.9152600694444445,0.5384111111111111,0.4828086626479125
0.4128888888888889,0.4131770833333333,0.212,0.15955555555555556,0.11822222222222223,0.0951111111111111,7.393760495028283,-0.03806672984208098,-0.968266054153673,0.01688382166358828,16.773068752659942,128,-0.000434303224192735,-0.434303224192735,0.006,25.0,200301,2250,0.9149663194444444,0.5392888888888889,0.4840701135486716
0.5431111111111111,0.5391076388888889,0.20622222222222222,0.14266666666666666,0.10711111111111112,0.08666666666666667,7.3830899456603705,-0.03809383818659176,0.24462408505417513,0.030954884825800156,15.931567665980893,128,-0.000434303224192735,-0.434303224192735,0.006,25.0,200302,2250,0.9150307291666666,0.5371,0.47293700088731144
0.5604444444444444,0.5537673611111111,0.23866666666666667,0.1751111111111111,0.1328888888888889,0.10177777777777777,7.508565171794743,-0.03800833930133582,0.39951116836393247,0.013805388255367111,16.439729729632507,128,-0.000434303224192735,-0.434303224192735,0.006,25.0,200303,2250,0.9149340277777778,0.5377333333333333,0.47500565482922413
0.532,0.53146875,0.21688888888888888,0.15288888888888888,0.112,0.09066666666666667,7.284840771933494,-0.038098234167461074,0.18604480794994782,-0.03264395079763926,15.37629938674805,128,-0.000434303224192735,-0.434303224192735,0.006,25.0,200304,2250,0.9148791666666667,0.5363777777777777,0.47727524051752734
0.5311111111111111,0.5295590277777777,0.22133333333333333,0.1608888888888889,0.12666666666666668,0.10355555555555555,7.514357403658694,-0.03801654974060971,0.18303105571154527,0.005206803108841244,14.923428002927636,128,-0.00040198822419273495,-0.40198822419273494,0.006,25.0,200400,2250,0.9151475694444444,0.5353666666666667,0.47361463038448826
0.6973333333333334,0.6802430555555555,0.24266666666666667,0.17866666666666667,0.14177777777777778,0.11422222222222222,7.636060695390316,-0.038104001472658404,1.6460976965083953,-0.004680431773250696,16.525520280995323,128,-0.00040198822419273495,-0.40198822419273494,0.006,25.0,200401,2250,0.9153053819444444,0.5319111111111111,0.46876070816676185
0.348,0.3593159722222222,0.21644444444444444,0.15688888888888888,0.11688888888888889,0.096,7.487920297461785,-0.03787558743774727,-1.503879124288164,-0.005694284741554869,16.847129091266883,128,-0.00040198822419273495,-0.40198822419273494,0.006,25.0,200402,2250,0.9151230902777778,0.5390111111111111,0.4763246899661781
0.6177777777777778,0.6113159722222222,0.23733333333333334,0.176,0.13377777777777777,0.11333333333333333,7.547872968236809,-0.038036654025920935,0.9779507622998654,-0.03063618703008663,14.642588274279166,128,-0.00040198822419273495,-0.40198822419273494,0.006,25.0,200403,2250,0.9153154513888889,0.5339111111111111,0.4696752889378096
0.5728888888888889,0.5694201388888889,0.228,0.15911111111111112,0.12044444444444445,0.09422222222222222,7.491649679659921,-0.03803333700418075,0.5568067493036607,0.011409568159192762,16.497806512675528,128,-0.00040198822419273495,-0.40198822419273494,0.006,25.0,200404,2250,0.9149788194444445,0.5352888888888889,0.482818997592471
